{
  "MiniLM": {
    "Top1": 0.355,
    "Top3": 0.462,
    "Top5": 0.501,
    "MRR": 0.41123333333333334
  },
  "Hybrid": {
    "Top1": 0.6589207332816938,
    "Top3": 0.7099578276960151,
    "Top5": 0.7141750580945004,
    "MRR": 0.6836804659035488
  },
  "Hybrid_Rerank": {
    "Top1": 0.6741544022721404,
    "Top3": 0.7126258714175058,
    "Top5": 0.7160685084774938,
    "MRR": 0.6930731273488826
  }
}